,m_clauses,dpll_decisions,dpll_conflicts,dpll_time,dpll_memory,probsat_flips,probsat_time,probsat_memory,sat_instances
110,462.0,1144.6,1130.2,0.9022697925567627,188.8,205261.6,13.44072871208191,3.2,4
120,504.0,2959.6,2952.0,2.670398712158203,89.6,601261.6,41.0300087928772,0.0,2
130,546.0,2153.4,2139.0,2.146581745147705,108.8,211365.0,15.221380233764648,-4185.6,4
140,588.0,10296.0,10283.2,11.20450563430786,-1520.0,456467.6,35.09012894630432,-2883.2,3
150,630.0,7531.4,7514.2,9.111410093307494,204.8,204775.0,16.83612666130066,0.0,4
